id,title,artist,path
isophonics_0,09_-_When_I'm_Sixty-Four,The Beatles,../../datasets/annotations/isophonics/Isophonics_09_-_When_I'm_Sixty-Four.jams
isophonics_1,17 We Are The Champions,Queen,../../datasets/annotations/isophonics/Isophonics_17 We Are The Champions.jams
isophonics_2,01 Bohemian Rhapsody,Queen,../../datasets/annotations/isophonics/Isophonics_01 Bohemian Rhapsody.jams
isophonics_3,11_-_All_You_Need_Is_Love,The Beatles,../../datasets/annotations/isophonics/Isophonics_11_-_All_You_Need_Is_Love.jams
isophonics_4,16_-_Zu_Leise_Für_Mich,Zweieck,../../datasets/annotations/isophonics/Isophonics_16_-_Zu_Leise_Für_Mich.jams
isophonics_5,13_-_There's_A_Place,The Beatles,../../datasets/annotations/isophonics/Isophonics_13_-_There's_A_Place.jams
isophonics_6,15 Seven Seas Of Rhye,Queen,../../datasets/annotations/isophonics/Isophonics_15 Seven Seas Of Rhye.jams
isophonics_7,02 So Far Away,Carole King,../../datasets/annotations/isophonics/Isophonics_02 So Far Away.jams
isophonics_8,06_-_Ask_Me_Why,The Beatles,../../datasets/annotations/isophonics/Isophonics_06_-_Ask_Me_Why.jams
isophonics_9,11_-_Do_You_Want_To_Know_A_Secret,The Beatles,../../datasets/annotations/isophonics/Isophonics_11_-_Do_You_Want_To_Know_A_Secret.jams
isophonics_10,09 Who Wants To Live Forever,Queen,../../datasets/annotations/isophonics/Isophonics_09 Who Wants To Live Forever.jams
isophonics_12,08_-_Any_Time_At_All,The Beatles,../../datasets/annotations/isophonics/Isophonics_08_-_Any_Time_At_All.jams
isophonics_13,10_-_You_Like_Me_Too_Much,The Beatles,../../datasets/annotations/isophonics/Isophonics_10_-_You_Like_Me_Too_Much.jams
isophonics_14,02_-_Something,The Beatles,../../datasets/annotations/isophonics/Isophonics_02_-_Something.jams
isophonics_15,CD1_-_14_-_Don't_Pass_Me_By,The Beatles,../../datasets/annotations/isophonics/Isophonics_CD1_-_14_-_Don't_Pass_Me_By.jams
isophonics_19,CD1_-_16_-_I_Will,The Beatles,../../datasets/annotations/isophonics/Isophonics_CD1_-_16_-_I_Will.jams
isophonics_21,13 Play The Game,Queen,../../datasets/annotations/isophonics/Isophonics_13 Play The Game.jams
isophonics_22,09_-_Penny_Lane,The Beatles,../../datasets/annotations/isophonics/Isophonics_09_-_Penny_Lane.jams
isophonics_27,06_-_I_Want_You,The Beatles,../../datasets/annotations/isophonics/Isophonics_06_-_I_Want_You.jams
isophonics_28,15_-_Carry_That_Weight,The Beatles,../../datasets/annotations/isophonics/Isophonics_15_-_Carry_That_Weight.jams
isophonics_30,11_-_Every_Little_Thing,The Beatles,../../datasets/annotations/isophonics/Isophonics_11_-_Every_Little_Thing.jams
isophonics_31,10_-_Baby_It's_You,The Beatles,../../datasets/annotations/isophonics/Isophonics_10_-_Baby_It's_You.jams
isophonics_32,01_-_Magical_Mystery_Tour,The Beatles,../../datasets/annotations/isophonics/Isophonics_01_-_Magical_Mystery_Tour.jams
isophonics_33,05_-_I'll_Follow_the_Sun,The Beatles,../../datasets/annotations/isophonics/Isophonics_05_-_I'll_Follow_the_Sun.jams
isophonics_34,10_-_The_Long_and_Winding_Road,The Beatles,../../datasets/annotations/isophonics/Isophonics_10_-_The_Long_and_Winding_Road.jams
isophonics_35,05_-_Your_Mother_Should_Know,The Beatles,../../datasets/annotations/isophonics/Isophonics_05_-_Your_Mother_Should_Know.jams
isophonics_39,09_-_Words_of_Love,The Beatles,../../datasets/annotations/isophonics/Isophonics_09_-_Words_of_Love.jams
isophonics_40,10_-_Sun_King,The Beatles,../../datasets/annotations/isophonics/Isophonics_10_-_Sun_King.jams
isophonics_41,05_-_Fixing_A_Hole,The Beatles,../../datasets/annotations/isophonics/Isophonics_05_-_Fixing_A_Hole.jams
isophonics_42,18_-_Zuhause,Zweieck,../../datasets/annotations/isophonics/Isophonics_18_-_Zuhause.jams
isophonics_43,08_-_What_Goes_On,The Beatles,../../datasets/annotations/isophonics/Isophonics_08_-_What_Goes_On.jams
isophonics_44,07_-_Can't_Buy_Me_Love,The Beatles,../../datasets/annotations/isophonics/Isophonics_07_-_Can't_Buy_Me_Love.jams
isophonics_45,07 Don't Stop Me Now,Queen,../../datasets/annotations/isophonics/Isophonics_07 Don't Stop Me Now.jams
isophonics_46,02_-_The_Night_Before,The Beatles,../../datasets/annotations/isophonics/Isophonics_02_-_The_Night_Before.jams
isophonics_47,05_-_Another_Girl,The Beatles,../../datasets/annotations/isophonics/Isophonics_05_-_Another_Girl.jams
isophonics_48,10_-_You_Really_Got_A_Hold_On_Me,The Beatles,../../datasets/annotations/isophonics/Isophonics_10_-_You_Really_Got_A_Hold_On_Me.jams
isophonics_49,12_-_Devil_In_Her_Heart,The Beatles,../../datasets/annotations/isophonics/Isophonics_12_-_Devil_In_Her_Heart.jams
isophonics_50,01_-_Sgt._Pepper's_Lonely_Hearts_Club_Band,The Beatles,../../datasets/annotations/isophonics/Isophonics_01_-_Sgt._Pepper's_Lonely_Hearts_Club_Band.jams
isophonics_51,09_-_It's_Only_Love,The Beatles,../../datasets/annotations/isophonics/Isophonics_09_-_It's_Only_Love.jams
isophonics_52,11_-_Tell_Me_What_You_See,The Beatles,../../datasets/annotations/isophonics/Isophonics_11_-_Tell_Me_What_You_See.jams
isophonics_53,14_-_Santa_Donna_Lucia_Mobile,Zweieck,../../datasets/annotations/isophonics/Isophonics_14_-_Santa_Donna_Lucia_Mobile.jams
isophonics_56,CD1_-_13_-_Rocky_Raccoon,The Beatles,../../datasets/annotations/isophonics/Isophonics_CD1_-_13_-_Rocky_Raccoon.jams
isophonics_57,01_-_A_Hard_Day's_Night,The Beatles,../../datasets/annotations/isophonics/Isophonics_01_-_A_Hard_Day's_Night.jams
isophonics_58,03_-_Flying,The Beatles,../../datasets/annotations/isophonics/Isophonics_03_-_Flying.jams
isophonics_59,01_-_Two_of_Us,The Beatles,../../datasets/annotations/isophonics/Isophonics_01_-_Two_of_Us.jams
isophonics_60,CD2_-_05_-_Sexy_Sadie,The Beatles,../../datasets/annotations/isophonics/Isophonics_CD2_-_05_-_Sexy_Sadie.jams
isophonics_61,12_-_Wait,The Beatles,../../datasets/annotations/isophonics/Isophonics_12_-_Wait.jams
isophonics_62,05_-_And_I_Love_Her,The Beatles,../../datasets/annotations/isophonics/Isophonics_05_-_And_I_Love_Her.jams
isophonics_64,01 A Kind Of Magic,Queen,../../datasets/annotations/isophonics/Isophonics_01 A Kind Of Magic.jams
isophonics_65,08_-_Blass,Zweieck,../../datasets/annotations/isophonics/Isophonics_08_-_Blass.jams
isophonics_67,CD1_-_08_-_Happiness_is_a_Warm_Gun,The Beatles,../../datasets/annotations/isophonics/Isophonics_CD1_-_08_-_Happiness_is_a_Warm_Gun.jams
isophonics_68,04_-_Blue_Jay_Way,The Beatles,../../datasets/annotations/isophonics/Isophonics_04_-_Blue_Jay_Way.jams
isophonics_69,10_-_Honey_Don't,The Beatles,../../datasets/annotations/isophonics/Isophonics_10_-_Honey_Don't.jams
isophonics_70,11_-_Ich_Kann_Heute_Nicht,Zweieck,../../datasets/annotations/isophonics/Isophonics_11_-_Ich_Kann_Heute_Nicht.jams
isophonics_72,11_-_For_You_Blue,The Beatles,../../datasets/annotations/isophonics/Isophonics_11_-_For_You_Blue.jams
isophonics_73,06_-_Tell_Me_Why,The Beatles,../../datasets/annotations/isophonics/Isophonics_06_-_Tell_Me_Why.jams
isophonics_74,CD2_-_06_-_Helter_Skelter,The Beatles,../../datasets/annotations/isophonics/Isophonics_CD2_-_06_-_Helter_Skelter.jams
isophonics_76,15 Friends Will Be Friends,Queen,../../datasets/annotations/isophonics/Isophonics_15 Friends Will Be Friends.jams
isophonics_77,11_-_I_Wanna_Be_Your_Man,The Beatles,../../datasets/annotations/isophonics/Isophonics_11_-_I_Wanna_Be_Your_Man.jams
isophonics_78,12_-_I've_Just_Seen_a_Face,The Beatles,../../datasets/annotations/isophonics/Isophonics_12_-_I've_Just_Seen_a_Face.jams
isophonics_79,05_-_Boys,The Beatles,../../datasets/annotations/isophonics/Isophonics_05_-_Boys.jams
isophonics_80,03_-_Across_the_Universe,The Beatles,../../datasets/annotations/isophonics/Isophonics_03_-_Across_the_Universe.jams
isophonics_81,11_-_Doctor_Robert,The Beatles,../../datasets/annotations/isophonics/Isophonics_11_-_Doctor_Robert.jams
isophonics_82,04_-_I_Need_You,The Beatles,../../datasets/annotations/isophonics/Isophonics_04_-_I_Need_You.jams
isophonics_87,10_-_Things_We_Said_Today,The Beatles,../../datasets/annotations/isophonics/Isophonics_10_-_Things_We_Said_Today.jams
isophonics_88,03 It's Too Late,Carole King,../../datasets/annotations/isophonics/Isophonics_03 It's Too Late.jams
isophonics_89,06_-_Mr._Moonlight,The Beatles,../../datasets/annotations/isophonics/Isophonics_06_-_Mr._Moonlight.jams
isophonics_92,08_-_Good_Day_Sunshine,The Beatles,../../datasets/annotations/isophonics/Isophonics_08_-_Good_Day_Sunshine.jams
isophonics_93,07_-_Hello_Goodbye,The Beatles,../../datasets/annotations/isophonics/Isophonics_07_-_Hello_Goodbye.jams
isophonics_95,02_-_Norwegian_Wood_(This_Bird_Has_Flown),The Beatles,../../datasets/annotations/isophonics/Isophonics_02_-_Norwegian_Wood_(This_Bird_Has_Flown).jams
isophonics_96,04 Fat Bottomed Girls,Queen,../../datasets/annotations/isophonics/Isophonics_04 Fat Bottomed Girls.jams
isophonics_97,14_-_Golden_Slumbers,The Beatles,../../datasets/annotations/isophonics/Isophonics_14_-_Golden_Slumbers.jams
isophonics_98,CD1_-_15_-_Why_Don't_We_Do_It_In_The_Road,The Beatles,../../datasets/annotations/isophonics/Isophonics_CD1_-_15_-_Why_Don't_We_Do_It_In_The_Road.jams
isophonics_99,04_-_I'm_Happy_Just_To_Dance_With_You,The Beatles,../../datasets/annotations/isophonics/Isophonics_04_-_I'm_Happy_Just_To_Dance_With_You.jams
isophonics_101,08_-_Within_You_Without_You,The Beatles,../../datasets/annotations/isophonics/Isophonics_08_-_Within_You_Without_You.jams
isophonics_107,14_-_Money,The Beatles,../../datasets/annotations/isophonics/Isophonics_14_-_Money.jams
isophonics_108,14_-_Dizzy_Miss_Lizzy,The Beatles,../../datasets/annotations/isophonics/Isophonics_14_-_Dizzy_Miss_Lizzy.jams
isophonics_109,16 We Will Rock You,Queen,../../datasets/annotations/isophonics/Isophonics_16 We Will Rock You.jams
isophonics_111,CD2_-_01_-_Birthday,The Beatles,../../datasets/annotations/isophonics/Isophonics_CD2_-_01_-_Birthday.jams
isophonics_112,08_-_I've_Got_A_Feeling,The Beatles,../../datasets/annotations/isophonics/Isophonics_08_-_I've_Got_A_Feeling.jams
isophonics_114,05_-_Little_Child,The Beatles,../../datasets/annotations/isophonics/Isophonics_05_-_Little_Child.jams
isophonics_115,06_-_Till_There_Was_You,The Beatles,../../datasets/annotations/isophonics/Isophonics_06_-_Till_There_Was_You.jams
isophonics_116,12_-_You_Can't_Do_That,The Beatles,../../datasets/annotations/isophonics/Isophonics_12_-_You_Can't_Do_That.jams
isophonics_117,01_-_No_Reply,The Beatles,../../datasets/annotations/isophonics/Isophonics_01_-_No_Reply.jams
isophonics_118,04_-_Don't_Bother_Me,The Beatles,../../datasets/annotations/isophonics/Isophonics_04_-_Don't_Bother_Me.jams
isophonics_121,05_-_Octopus's_Garden,The Beatles,../../datasets/annotations/isophonics/Isophonics_05_-_Octopus's_Garden.jams
isophonics_123,CD2_-_04_-_Everybody's_Got_Something_To_Hide_Except_Me_and_My_Monkey,The Beatles,../../datasets/annotations/isophonics/Isophonics_CD2_-_04_-_Everybody's_Got_Something_To_Hide_Except_Me_and_My_Monkey.jams
isophonics_124,CD2_-_07_-_Long_Long_Long,The Beatles,../../datasets/annotations/isophonics/Isophonics_CD2_-_07_-_Long_Long_Long.jams
isophonics_125,CD2_-_09_-_Honey_Pie,The Beatles,../../datasets/annotations/isophonics/Isophonics_CD2_-_09_-_Honey_Pie.jams
isophonics_126,06_-_Yellow_Submarine,The Beatles,../../datasets/annotations/isophonics/Isophonics_06_-_Yellow_Submarine.jams
isophonics_127,08_-_Roll_Over_Beethoven,The Beatles,../../datasets/annotations/isophonics/Isophonics_08_-_Roll_Over_Beethoven.jams
isophonics_128,02_-_Misery,The Beatles,../../datasets/annotations/isophonics/Isophonics_02_-_Misery.jams
isophonics_129,08_-_Because,The Beatles,../../datasets/annotations/isophonics/Isophonics_08_-_Because.jams
isophonics_130,"CD1_-_04_-_Ob-La-Di,_Ob-La-Da",The Beatles,"../../datasets/annotations/isophonics/Isophonics_CD1_-_04_-_Ob-La-Di,_Ob-La-Da.jams"
isophonics_132,10_-_For_No_One,The Beatles,../../datasets/annotations/isophonics/Isophonics_10_-_For_No_One.jams
isophonics_133,03_-_Anna_(Go_To_Him),The Beatles,../../datasets/annotations/isophonics/Isophonics_03_-_Anna_(Go_To_Him).jams
isophonics_135,07_-_Please_Please_Me,The Beatles,../../datasets/annotations/isophonics/Isophonics_07_-_Please_Please_Me.jams
isophonics_136,14 Hammer To Fall,Queen,../../datasets/annotations/isophonics/Isophonics_14 Hammer To Fall.jams
isophonics_138,09_-_Girl,The Beatles,../../datasets/annotations/isophonics/Isophonics_09_-_Girl.jams
isophonics_139,03_-_Lucy_In_The_Sky_With_Diamonds,The Beatles,../../datasets/annotations/isophonics/Isophonics_03_-_Lucy_In_The_Sky_With_Diamonds.jams
isophonics_140,08_-_Love_Me_Do,The Beatles,../../datasets/annotations/isophonics/Isophonics_08_-_Love_Me_Do.jams
isophonics_142,14_-_Tomorrow_Never_Knows,The Beatles,../../datasets/annotations/isophonics/Isophonics_14_-_Tomorrow_Never_Knows.jams
isophonics_143,16_-_The_End,The Beatles,../../datasets/annotations/isophonics/Isophonics_16_-_The_End.jams
isophonics_144,12_-_Jakob_Und_Marie,Zweieck,../../datasets/annotations/isophonics/Isophonics_12_-_Jakob_Und_Marie.jams
isophonics_146,13_-_She_Came_In_Through_The_Bathroom_Window,The Beatles,../../datasets/annotations/isophonics/Isophonics_13_-_She_Came_In_Through_The_Bathroom_Window.jams
isophonics_147,05 I Want To Break Free,Queen,../../datasets/annotations/isophonics/Isophonics_05 I Want To Break Free.jams
isophonics_149,09_-_One_After_909,The Beatles,../../datasets/annotations/isophonics/Isophonics_09_-_One_After_909.jams
isophonics_150,12_-_I_Don't_Want_to_Spoil_the_Party,The Beatles,../../datasets/annotations/isophonics/Isophonics_12_-_I_Don't_Want_to_Spoil_the_Party.jams
isophonics_151,12_-_Sgt._Pepper's_Lonely_Hearts_Club_Band_(Reprise),The Beatles,../../datasets/annotations/isophonics/Isophonics_12_-_Sgt._Pepper's_Lonely_Hearts_Club_Band_(Reprise).jams
isophonics_152,06_-_Tigerfest,Zweieck,../../datasets/annotations/isophonics/Isophonics_06_-_Tigerfest.jams
isophonics_155,07 You've Got A Friend,Carole King,../../datasets/annotations/isophonics/Isophonics_07 You've Got A Friend.jams
isophonics_156,03_-_Baby's_In_Black,The Beatles,../../datasets/annotations/isophonics/Isophonics_03_-_Baby's_In_Black.jams
isophonics_157,01_-_I_Saw_Her_Standing_There,The Beatles,../../datasets/annotations/isophonics/Isophonics_01_-_I_Saw_Her_Standing_There.jams
isophonics_159,04 Home Again,Carole King,../../datasets/annotations/isophonics/Isophonics_04 Home Again.jams
isophonics_160,10 Somebody To Love,Queen,../../datasets/annotations/isophonics/Isophonics_10 Somebody To Love.jams
isophonics_162,12_-_Get_Back,The Beatles,../../datasets/annotations/isophonics/Isophonics_12_-_Get_Back.jams
isophonics_164,"15_-_Es_Wird_Alles_Wieder_Gut,_Herr_Professor",Zweieck,"../../datasets/annotations/isophonics/Isophonics_15_-_Es_Wird_Alles_Wieder_Gut,_Herr_Professor.jams"
isophonics_165,11_-_Good_Morning_Good_Morning,The Beatles,../../datasets/annotations/isophonics/Isophonics_11_-_Good_Morning_Good_Morning.jams
isophonics_166,09_-_I'll_Cry_Instead,The Beatles,../../datasets/annotations/isophonics/Isophonics_09_-_I'll_Cry_Instead.jams
isophonics_167,10_-_Baby_You're_A_Rich_Man,The Beatles,../../datasets/annotations/isophonics/Isophonics_10_-_Baby_You're_A_Rich_Man.jams
isophonics_168,02_-_I'm_a_Loser,The Beatles,../../datasets/annotations/isophonics/Isophonics_02_-_I'm_a_Loser.jams
isophonics_170,03_-_Maxwell's_Silver_Hammer,The Beatles,../../datasets/annotations/isophonics/Isophonics_03_-_Maxwell's_Silver_Hammer.jams
isophonics_171,01_-_It_Won't_Be_Long,The Beatles,../../datasets/annotations/isophonics/Isophonics_01_-_It_Won't_Be_Long.jams
isophonics_173,02_-_Dig_a_Pony,The Beatles,../../datasets/annotations/isophonics/Isophonics_02_-_Dig_a_Pony.jams
isophonics_174,09_-_Mr_Morgan,Zweieck,../../datasets/annotations/isophonics/Isophonics_09_-_Mr_Morgan.jams
isophonics_175,06_-_Let_It_Be,The Beatles,../../datasets/annotations/isophonics/Isophonics_06_-_Let_It_Be.jams
isophonics_178,CD1_-_05_-_Wild_Honey_Pie,The Beatles,../../datasets/annotations/isophonics/Isophonics_CD1_-_05_-_Wild_Honey_Pie.jams
isophonics_179,03_-_She,Zweieck,../../datasets/annotations/isophonics/Isophonics_03_-_She.jams
isophonics_180,09_-_Hold_Me_Tight,The Beatles,../../datasets/annotations/isophonics/Isophonics_09_-_Hold_Me_Tight.jams
isophonics_181,07_-_She_Said_She_Said,The Beatles,../../datasets/annotations/isophonics/Isophonics_07_-_She_Said_She_Said.jams
isophonics_182,CD2_-_13_-_Good_Night,The Beatles,../../datasets/annotations/isophonics/Isophonics_CD2_-_13_-_Good_Night.jams
isophonics_183,03_-_If_I_Fell,The Beatles,../../datasets/annotations/isophonics/Isophonics_03_-_If_I_Fell.jams
isophonics_184,13_-_I'll_Be_Back,The Beatles,../../datasets/annotations/isophonics/Isophonics_13_-_I'll_Be_Back.jams
isophonics_185,13_-_If_I_Needed_Someone,The Beatles,../../datasets/annotations/isophonics/Isophonics_13_-_If_I_Needed_Someone.jams
isophonics_186,12_-_I_Want_To_Tell_You,The Beatles,../../datasets/annotations/isophonics/Isophonics_12_-_I_Want_To_Tell_You.jams
isophonics_189,05_-_Think_For_Yourself,The Beatles,../../datasets/annotations/isophonics/Isophonics_05_-_Think_For_Yourself.jams
isophonics_191,03_-_I'm_Only_Sleeping,The Beatles,../../datasets/annotations/isophonics/Isophonics_03_-_I'm_Only_Sleeping.jams
isophonics_192,09_-_You_Never_Give_Me_Your_Money,The Beatles,../../datasets/annotations/isophonics/Isophonics_09_-_You_Never_Give_Me_Your_Money.jams
isophonics_193,12 Good Old-Fashioned Lover Boy,Queen,../../datasets/annotations/isophonics/Isophonics_12 Good Old-Fashioned Lover Boy.jams
isophonics_194,08_-_Eight_Days_a_Week,The Beatles,../../datasets/annotations/isophonics/Isophonics_08_-_Eight_Days_a_Week.jams
isophonics_195,04_-_Love_You_To,The Beatles,../../datasets/annotations/isophonics/Isophonics_04_-_Love_You_To.jams
isophonics_196,CD2_-_03_-_Mother_Nature's_Son,The Beatles,../../datasets/annotations/isophonics/Isophonics_CD2_-_03_-_Mother_Nature's_Son.jams
isophonics_197,07_-_Please_Mister_Postman,The Beatles,../../datasets/annotations/isophonics/Isophonics_07_-_Please_Mister_Postman.jams
isophonics_198,07_-_Being_For_The_Benefit_Of_Mr._Kite!,The Beatles,../../datasets/annotations/isophonics/Isophonics_07_-_Being_For_The_Benefit_Of_Mr._Kite!.jams
isophonics_199,14_-_Twist_And_Shout,The Beatles,../../datasets/annotations/isophonics/Isophonics_14_-_Twist_And_Shout.jams
isophonics_200,04_-_Rock_and_Roll_Music,The Beatles,../../datasets/annotations/isophonics/Isophonics_04_-_Rock_and_Roll_Music.jams
isophonics_201,05 Bicycle Race,Queen,../../datasets/annotations/isophonics/Isophonics_05 Bicycle Race.jams
isophonics_203,CD1_-_02_-_Dear_Prudence,The Beatles,../../datasets/annotations/isophonics/Isophonics_CD1_-_02_-_Dear_Prudence.jams
isophonics_204,03_-_You_Won't_See_Me,The Beatles,../../datasets/annotations/isophonics/Isophonics_03_-_You_Won't_See_Me.jams
isophonics_205,CD1_-_07_-_While_My_Guitar_Gently_Weeps,The Beatles,../../datasets/annotations/isophonics/Isophonics_CD1_-_07_-_While_My_Guitar_Gently_Weeps.jams
isophonics_208,13_-_A_Day_In_The_Life,The Beatles,../../datasets/annotations/isophonics/Isophonics_13_-_A_Day_In_The_Life.jams
isophonics_209,CD2_-_08_-_Revolution_1,The Beatles,../../datasets/annotations/isophonics/Isophonics_CD2_-_08_-_Revolution_1.jams
isophonics_211,CD1_-_12_-_Piggies,The Beatles,../../datasets/annotations/isophonics/Isophonics_CD1_-_12_-_Piggies.jams
isophonics_212,09_-_P._S._I_Love_You,The Beatles,../../datasets/annotations/isophonics/Isophonics_09_-_P._S._I_Love_You.jams
isophonics_213,14_-_Everybody's_Trying_to_Be_My_Baby,The Beatles,../../datasets/annotations/isophonics/Isophonics_14_-_Everybody's_Trying_to_Be_My_Baby.jams
isophonics_214,01_-_Taxman,The Beatles,../../datasets/annotations/isophonics/Isophonics_01_-_Taxman.jams
isophonics_215,05_-_Dig_It,The Beatles,../../datasets/annotations/isophonics/Isophonics_05_-_Dig_It.jams
isophonics_216,04_-_Oh!_Darling,The Beatles,../../datasets/annotations/isophonics/Isophonics_04_-_Oh!_Darling.jams
isophonics_217,08_-_Act_Naturally,The Beatles,../../datasets/annotations/isophonics/Isophonics_08_-_Act_Naturally.jams
isophonics_218,05_-_Andersrum,Zweieck,../../datasets/annotations/isophonics/Isophonics_05_-_Andersrum.jams
isophonics_219,01_-_Come_Together,The Beatles,../../datasets/annotations/isophonics/Isophonics_01_-_Come_Together.jams
isophonics_220,17_-_Her_Majesty,The Beatles,../../datasets/annotations/isophonics/Isophonics_17_-_Her_Majesty.jams
isophonics_221,06 Way Over Yonder,Carole King,../../datasets/annotations/isophonics/Isophonics_06 Way Over Yonder.jams
isophonics_222,14_-_Run_For_Your_Life,The Beatles,../../datasets/annotations/isophonics/Isophonics_14_-_Run_For_Your_Life.jams
isophonics_223,11_-_In_My_Life,The Beatles,../../datasets/annotations/isophonics/Isophonics_11_-_In_My_Life.jams
isophonics_224,07_-_Here_Comes_The_Sun,The Beatles,../../datasets/annotations/isophonics/Isophonics_07_-_Here_Comes_The_Sun.jams
isophonics_225,07_-_Akne,Zweieck,../../datasets/annotations/isophonics/Isophonics_07_-_Akne.jams
isophonics_226,09_-_And_Your_Bird_Can_Sing,The Beatles,../../datasets/annotations/isophonics/Isophonics_09_-_And_Your_Bird_Can_Sing.jams
isophonics_227,04_-_I_Me_Mine,The Beatles,../../datasets/annotations/isophonics/Isophonics_04_-_I_Me_Mine.jams
isophonics_228,11_-_Mean_Mr_Mustard,The Beatles,../../datasets/annotations/isophonics/Isophonics_11_-_Mean_Mr_Mustard.jams
isophonics_229,06_-_She's_Leaving_Home,The Beatles,../../datasets/annotations/isophonics/Isophonics_06_-_She's_Leaving_Home.jams
isophonics_230,CD2_-_10_-_Savoy_Truffle,The Beatles,../../datasets/annotations/isophonics/Isophonics_CD2_-_10_-_Savoy_Truffle.jams
isophonics_231,03_-_You've_Got_To_Hide_Your_Love_Away,The Beatles,../../datasets/annotations/isophonics/Isophonics_03_-_You've_Got_To_Hide_Your_Love_Away.jams
isophonics_232,11_-_When_I_Get_Home,The Beatles,../../datasets/annotations/isophonics/Isophonics_11_-_When_I_Get_Home.jams
isophonics_233,04_-_Erbauliche_Gedanken_Eines_Tobackrauchers,Zweieck,../../datasets/annotations/isophonics/Isophonics_04_-_Erbauliche_Gedanken_Eines_Tobackrauchers.jams
isophonics_234,05 Beautiful,Carole King,../../datasets/annotations/isophonics/Isophonics_05 Beautiful.jams
isophonics_235,04_-_Chains,The Beatles,../../datasets/annotations/isophonics/Isophonics_04_-_Chains.jams
isophonics_236,09 Crazy Little Thing Called Love,Queen,../../datasets/annotations/isophonics/Isophonics_09 Crazy Little Thing Called Love.jams
isophonics_238,07_-_Michelle,The Beatles,../../datasets/annotations/isophonics/Isophonics_07_-_Michelle.jams
isophonics_241,10_-_Liebesleid,Zweieck,../../datasets/annotations/isophonics/Isophonics_10_-_Liebesleid.jams
isophonics_242,04_-_Nowhere_Man,The Beatles,../../datasets/annotations/isophonics/Isophonics_04_-_Nowhere_Man.jams
isophonics_243,03_-_All_My_Loving,The Beatles,../../datasets/annotations/isophonics/Isophonics_03_-_All_My_Loving.jams
isophonics_244,13_-_Yesterday,The Beatles,../../datasets/annotations/isophonics/Isophonics_13_-_Yesterday.jams
isophonics_245,12_-_A_Taste_Of_Honey,The Beatles,../../datasets/annotations/isophonics/Isophonics_12_-_A_Taste_Of_Honey.jams
isophonics_246,CD1_-_17_-_Julia,The Beatles,../../datasets/annotations/isophonics/Isophonics_CD1_-_17_-_Julia.jams
isophonics_247,01 I Feel The Earth Move,Carole King,../../datasets/annotations/isophonics/Isophonics_01 I Feel The Earth Move.jams
isophonics_248,04 I Want It All,Queen,../../datasets/annotations/isophonics/Isophonics_04 I Want It All.jams
isophonics_249,06_-_The_Word,The Beatles,../../datasets/annotations/isophonics/Isophonics_06_-_The_Word.jams
isophonics_251,13_-_What_You're_Doing,The Beatles,../../datasets/annotations/isophonics/Isophonics_13_-_What_You're_Doing.jams
isophonics_252,17_-_Duell,Zweieck,../../datasets/annotations/isophonics/Isophonics_17_-_Duell.jams
isophonics_255,02_-_The_Fool_On_The_Hill,The Beatles,../../datasets/annotations/isophonics/Isophonics_02_-_The_Fool_On_The_Hill.jams
isophonics_257,06_-_You're_Going_To_Lose_That_Girl,The Beatles,../../datasets/annotations/isophonics/Isophonics_06_-_You're_Going_To_Lose_That_Girl.jams
isophonics_258,02 Another One Bites The Dust,Queen,../../datasets/annotations/isophonics/Isophonics_02 Another One Bites The Dust.jams
isophonics_259,13_-_Paparazzi,Zweieck,../../datasets/annotations/isophonics/Isophonics_13_-_Paparazzi.jams
isophonics_261,"05_-_Here,_There_And_Everywhere",The Beatles,"../../datasets/annotations/isophonics/Isophonics_05_-_Here,_There_And_Everywhere.jams"
isophonics_263,07_-_Ticket_To_Ride,The Beatles,../../datasets/annotations/isophonics/Isophonics_07_-_Ticket_To_Ride.jams
isophonics_265,CD1_-_10_-_I'm_So_Tired,The Beatles,../../datasets/annotations/isophonics/Isophonics_CD1_-_10_-_I'm_So_Tired.jams
isophonics_266,06_-_I_Am_The_Walrus,The Beatles,../../datasets/annotations/isophonics/Isophonics_06_-_I_Am_The_Walrus.jams
isophonics_267,CD1_-_03_-_Glass_Onion,The Beatles,../../datasets/annotations/isophonics/Isophonics_CD1_-_03_-_Glass_Onion.jams
isophonics_268,01_-_Help!,The Beatles,../../datasets/annotations/isophonics/Isophonics_01_-_Help!.jams
isophonics_269,02_-_Rawhide,Zweieck,../../datasets/annotations/isophonics/Isophonics_02_-_Rawhide.jams
isophonics_270,CD2_-_11_-_Cry_Baby_Cry,The Beatles,../../datasets/annotations/isophonics/Isophonics_CD2_-_11_-_Cry_Baby_Cry.jams
isophonics_271,02_-_All_I've_Got_To_Do,The Beatles,../../datasets/annotations/isophonics/Isophonics_02_-_All_I've_Got_To_Do.jams
isophonics_273,01_-_Spiel_Mir_Eine_Alte_Melodie,Zweieck,../../datasets/annotations/isophonics/Isophonics_01_-_Spiel_Mir_Eine_Alte_Melodie.jams
isophonics_274,10_-_I'm_Looking_Through_You,The Beatles,../../datasets/annotations/isophonics/Isophonics_10_-_I'm_Looking_Through_You.jams
isophonics_275,"07_-_Kansas_City-_Hey,_Hey,_Hey,_Hey",The Beatles,"../../datasets/annotations/isophonics/Isophonics_07_-_Kansas_City-_Hey,_Hey,_Hey,_Hey.jams"
isophonics_276,13_-_Not_A_Second_Time,The Beatles,../../datasets/annotations/isophonics/Isophonics_13_-_Not_A_Second_Time.jams
isophonics_277,02_-_With_A_Little_Help_From_My_Friends,The Beatles,../../datasets/annotations/isophonics/Isophonics_02_-_With_A_Little_Help_From_My_Friends.jams
isophonics_278,CD1_-_09_-_Martha_My_Dear,The Beatles,../../datasets/annotations/isophonics/Isophonics_CD1_-_09_-_Martha_My_Dear.jams
isophonics_279,06 You're My Best Friend,Queen,../../datasets/annotations/isophonics/Isophonics_06 You're My Best Friend.jams
isophonics_280,CD2_-_02_-_Yer_Blues,The Beatles,../../datasets/annotations/isophonics/Isophonics_CD2_-_02_-_Yer_Blues.jams
isophonics_282,08_-_Strawberry_Fields_Forever,The Beatles,../../datasets/annotations/isophonics/Isophonics_08_-_Strawberry_Fields_Forever.jams
isophonics_283,13_-_Got_To_Get_You_Into_My_Life,The Beatles,../../datasets/annotations/isophonics/Isophonics_13_-_Got_To_Get_You_Into_My_Life.jams
isophonics_287,CD1_-_01_-_Back_in_the_USSR,The Beatles,../../datasets/annotations/isophonics/Isophonics_CD1_-_01_-_Back_in_the_USSR.jams
isophonics_288,10_-_Lovely_Rita,The Beatles,../../datasets/annotations/isophonics/Isophonics_10_-_Lovely_Rita.jams
isophonics_289,02_-_Eleanor_Rigby,The Beatles,../../datasets/annotations/isophonics/Isophonics_02_-_Eleanor_Rigby.jams
isophonics_290,CD1_-_06_-_The_Continuing_Story_of_Bungalow_Bill,The Beatles,../../datasets/annotations/isophonics/Isophonics_CD1_-_06_-_The_Continuing_Story_of_Bungalow_Bill.jams
isophonics_291,01_-_Drive_My_Car,The Beatles,../../datasets/annotations/isophonics/Isophonics_01_-_Drive_My_Car.jams
isophonics_292,12_-_Polythene_Pam,The Beatles,../../datasets/annotations/isophonics/Isophonics_12_-_Polythene_Pam.jams
isophonics_294,CD1_-_11_-_Black_Bird,The Beatles,../../datasets/annotations/isophonics/Isophonics_CD1_-_11_-_Black_Bird.jams
isophonics_295,04_-_Getting_Better,The Beatles,../../datasets/annotations/isophonics/Isophonics_04_-_Getting_Better.jams
isophonics_296,08 Save Me,Queen,../../datasets/annotations/isophonics/Isophonics_08 Save Me.jams
isophonics_297,02_-_I_Should_Have_Known_Better,The Beatles,../../datasets/annotations/isophonics/Isophonics_02_-_I_Should_Have_Known_Better.jams
isophonics_298,07_-_Maggie_Mae,The Beatles,../../datasets/annotations/isophonics/Isophonics_07_-_Maggie_Mae.jams
jaah_0,King Porter Stomp,Jelly Roll Morton,../../datasets/annotations/jaah/king_porter_stomp.jams
jaah_1,Organ Grinder's Swing,Jimmie Lunceford and His Orchestra,../../datasets/annotations/jaah/organ_grinders_swing.jams
jaah_2,September in the Rain,The George Shearing Quintet,../../datasets/annotations/jaah/september_in_the_rain.jams
jaah_3,Maple Leaf Rag,New Orleans Feetwarmers,../../datasets/annotations/jaah/maple_leaf_rag(bechet).jams
jaah_4,These Foolish Things,Billie Holiday,../../datasets/annotations/jaah/these_foolish_things.jams
jaah_5,Blues in the Closet,Stan Getz; J.J. Johnson,../../datasets/annotations/jaah/blues_in_the_closet.jams
jaah_6,Diminuendo in Blue and Crescendo in Blue,Duke Ellington & His Orchestra,../../datasets/annotations/jaah/diminuendo_and_crescendo_in_blue.jams
jaah_7,Moten Swing,Bennie Moten and his Kansas City Orchestra,../../datasets/annotations/jaah/moten_swing.jams
jaah_8,Cotton Tail,Duke Ellington & His Orchestra,../../datasets/annotations/jaah/cotton_tail.jams
jaah_9,Potato Head Blues,Louis Armstrong and His Hot Five,../../datasets/annotations/jaah/potato_head_blues.jams
jaah_10,Rockin' Chair,Gene Krupa and His Orchestra,../../datasets/annotations/jaah/rockin_chair.jams
jaah_11,Ko-Ko,Duke Ellington and His Famous Orchestra,../../datasets/annotations/jaah/ko-ko(ellington).jams
jaah_12,Blues for Alice,Charlie Parker,../../datasets/annotations/jaah/blues_for_alice.jams
jaah_13,Lost Your Head Blues,Bessie Smith,../../datasets/annotations/jaah/lost_your_head_blues.jams
jaah_14,Dinah,Red Nichols & His Five Pennies,../../datasets/annotations/jaah/dinah_red_nichols.jams
jaah_15,Swing That Music,Louis Armstrong and His Orchestra,../../datasets/annotations/jaah/swing_that_music.jams
jaah_16,Wrap Your Troubles in Dreams,Sarah Vaughan,../../datasets/annotations/jaah/wrap_your_troubles_in_dreams.jams
jaah_17,"My Favorite Things, Part 1 (Single Version)",John Coltrane Quartet,../../datasets/annotations/jaah/my_favorite_things.jams
jaah_18,Dexter Rides Again,Dexter Gordon,../../datasets/annotations/jaah/dexter_rides_again.jams
jaah_19,Four Brothers,Woody Herman and His Orchestra,../../datasets/annotations/jaah/four_brothers.jams
jaah_20,Singin' the Blues (Til My Daddy Comes Home),Frankie Trumbauer and His Orchestra,../../datasets/annotations/jaah/singin_the_blues.jams
jaah_21,The Stampede,Fletcher Henderson and His Orchestra,../../datasets/annotations/jaah/the_stampede.jams
jaah_22,Lester Leaps In,Count Basie and the Kansas City 7,../../datasets/annotations/jaah/lester_leaps_in.jams
jaah_23,West Coast Blues (abridged),Wes Montgomery,../../datasets/annotations/jaah/west_coast_blues.jams
jaah_24,Bikini,Dexter Gordon Quartet,../../datasets/annotations/jaah/bikini.jams
jaah_25,Dead Man Blues,Jelly Roll Morton's Red Hot Peppers,../../datasets/annotations/jaah/dead_man_blues.jams
jaah_26,"Oh, Lady Be Good (feat. Jazz at the Philharmonic)",Charlie Parker,../../datasets/annotations/jaah/oh_lady_be_good.jams
jaah_27,A Handful of Riffs,Eddie Lang; Lonnie Johnson,../../datasets/annotations/jaah/handful_of_riffs.jams
jaah_28,Body and Soul,The Benny Goodman Trio,../../datasets/annotations/jaah/body_and_soul(goodman).jams
jaah_29,Maple Leaf Rag,Dick Hyman,../../datasets/annotations/jaah/maple_leaf_rag(hyman).jams
jaah_30,Black Bottom Stomp,Jelly Roll Morton's Red Hot Peppers,../../datasets/annotations/jaah/black_bottom_stomp.jams
jaah_31,All Alone,Sarah Vaughan,../../datasets/annotations/jaah/all_alone.jams
jaah_32,Honky Tonk Train Blues,"Meade ""Lux"" Lewis",../../datasets/annotations/jaah/honky_tonk_train.jams
jaah_33,Daahoud,The Clifford Brown–Max Roach Quintet,../../datasets/annotations/jaah/daahoud.jams
jaah_34,In Gloryland,Bunk's Brass Band,../../datasets/annotations/jaah/in_gloryland.jams
jaah_35,Misterioso,Thelonious Monk Quartet,../../datasets/annotations/jaah/misterioso.jams
jaah_36,Walkin' Shoes,The Gerry Mulligan Quartet; Chet Baker,../../datasets/annotations/jaah/walkin_shoes.jams
jaah_37,I Can't Get Started,Dizzy Gillespie Sextet,../../datasets/annotations/jaah/i_cant_get_started.jams
jaah_38,Embraceable You,Charlie Parker Quintet,../../datasets/annotations/jaah/embraceable_you.jams
jaah_39,Maple Leaf Rag,Anthony Braxton; Muhal Richard Abrams,../../datasets/annotations/jaah/maple_leaf_rag(braxton).jams
jaah_40,He's Funny That Way,Billie Holiday,../../datasets/annotations/jaah/he_s_funny_that_way.jams
jaah_41,The Golden Bullet,Count Basie Octet,../../datasets/annotations/jaah/the_golden_bullet.jams
jaah_42,Concerto for Cootie,Duke Ellington & His Orchestra,../../datasets/annotations/jaah/concerto_for_cootie.jams
jaah_43,Livery Stable Blues,Original Dixieland Jazz Band,../../datasets/annotations/jaah/livery_stable_blues.jams
jaah_44,Body and Soul,Coleman Hawkins and His Orchestra,../../datasets/annotations/jaah/body_and_soul(hawkins).jams
jaah_45,The Man I Love,Coleman Hawkins Quartet,../../datasets/annotations/jaah/the_man_i_love.jams
jaah_46,Blue 7,Sonny Rollins,../../datasets/annotations/jaah/blue_7.jams
jaah_47,Wrappin' It Up,Fletcher Henderson and His Orchestra,../../datasets/annotations/jaah/wrappin_it_up.jams
jaah_49,Cotton Tail,Ella Fitzgerald; Duke Ellington Orchestra,../../datasets/annotations/jaah/cotton_tail_fitzgerald.jams
jaah_50,You'd Be So Nice to Come Home To,Ella Fitzgerald,../../datasets/annotations/jaah/you_d_be_so_nice_to_come_home_to.jams
jaah_51,Lady Bird,Tadd Dameron Sextet,../../datasets/annotations/jaah/lady_bird.jams
jaah_52,Sweethearts on Parade,Louis Armstrong & His Orchestra,../../datasets/annotations/jaah/sweethearts_on_parade.jams
jaah_53,Pent-Up House,Sonny Rollins,../../datasets/annotations/jaah/pentup_house.jams
jaah_54,Blue Horizon,Sidney Bechet’s Blue Note Jazzmen,../../datasets/annotations/jaah/blue_horizon.jams
jaah_55,Dippermouth Blues,King Oliver's Creole Jazz Band,../../datasets/annotations/jaah/dippermouth_blues.jams
jaah_56,Dinah,Fats Waller and His Rhythm,../../datasets/annotations/jaah/dinah_fats_waller.jams
jaah_57,Stompin' at the Savoy,Louis Armstrong; Ella Fitzgerald,../../datasets/annotations/jaah/stompin_at_the_savoy.jams
jaah_58,Harlem Congo,Chick Webb and His Orchestra,../../datasets/annotations/jaah/harlem_congo.jams
jaah_59,Crazeology (take 4),Charlie Parker,../../datasets/annotations/jaah/crazeology.jams
jaah_60,I Gotta Right to Sing the Blues,Louis Armstrong & His Orchestra,../../datasets/annotations/jaah/i_gotta_right_to_sing_the_blues.jams
jaah_61,Subconscious Lee,Lennie Tristano,../../datasets/annotations/jaah/subconscious_lee.jams
jaah_62,Indiana,Bud Powell,../../datasets/annotations/jaah/indiana.jams
jaah_63,The New East St. Louis Toodle-Oo,Duke Ellington & His Orchestra,../../datasets/annotations/jaah/new_east_st_louis.jams
jaah_64,Mean to Me,Billie Holiday; Teddy Wilson and His Orchestra,../../datasets/annotations/jaah/mean_to_me.jams
jaah_65,When Lights Are Low,Lionel Hampton and His Orchestra,../../datasets/annotations/jaah/when_lights_are_low.jams
jaah_66,Riverboat Shuffle,Frankie Trumbauer and His Orchestra,../../datasets/annotations/jaah/riverboat_shuffle.jams
jaah_67,One O'Clock Jump,Count Basie and His Orchestra,../../datasets/annotations/jaah/one_oclock_jump.jams
jaah_68,One by One,Art Blakey & The Jazz Messengers,../../datasets/annotations/jaah/one_by_one.jams
jaah_69,West End Blues,Louis Armstrong and His Hot Five,../../datasets/annotations/jaah/west_end_blues.jams
jaah_70,Honeysuckle Rose,Benny Goodman and His Orchestra,../../datasets/annotations/jaah/honeysuckle_rose.jams
jaah_71,East St. Louis Toodle-Oo,Duke Ellington & His Orchestra,../../datasets/annotations/jaah/east_st_louis.jams
jaah_72,Hotter Than That,Louis Armstrong and His Hot Five,../../datasets/annotations/jaah/hotter_than_that.jams
jaah_73,Haig & Haig,Clark Terry-Bob Brookmeyer Quintet,../../datasets/annotations/jaah/haig_and_haig.jams
jaah_74,For Dancers Only,Jimmie Lunceford and His Orchestra,../../datasets/annotations/jaah/for_dancers_only.jams
jaah_75,Four or Five Times,Jimmie Noone's Apex Club Orchestra,../../datasets/annotations/jaah/four_or_five_times.jams
jaah_76,Evidence,Thelonious Monk,../../datasets/annotations/jaah/evidence.jams
jaah_77,Grandpa's Spells,Jelly Roll Morton's Red Hot Peppers,../../datasets/annotations/jaah/grandpas_spells.jams
jaah_78,Parker's Mood,Charlie Parker All-Stars,../../datasets/annotations/jaah/parkers_mood.jams
jaah_79,Breakfast Feud (composite) (feat. Charlie Christian),The Benny Goodman Sextet,../../datasets/annotations/jaah/breakfast_feud.jams
jaah_80,The Preacher,Horace Silver; The Jazz Messengers,../../datasets/annotations/jaah/the_preacher.jams
jaah_81,Boplicity,Miles Davis Nonet,../../datasets/annotations/jaah/boplicity.jams
jaah_82,Night in Tunisia,Bud Powell Trio,../../datasets/annotations/jaah/night_in_tunisia.jams
jaah_83,Big Butter and Egg Man From the West,Louis Armstrong and His Hot Seven,../../datasets/annotations/jaah/big_butter_and_eggman.jams
jaah_84,In a Mellotone,Duke Ellington & His Orchestra,../../datasets/annotations/jaah/in_a_mellotone.jams
jaah_85,Weather Bird,Louis Armstrong; Earl Hines,../../datasets/annotations/jaah/weather_bird.jams
jaah_86,Doggin' Around,Count Basie & His Orchestra,../../datasets/annotations/jaah/doggin_around.jams
jaah_87,Work Song,Cannonball Adderley,../../datasets/annotations/jaah/work_song.jams
jaah_88,Bags' Groove,Thelonious Monk,../../datasets/annotations/jaah/bags_groove.jams
schubert-winterreise_0,Rast,"Dietrich Fischer-Dieskau, Daniel Barenboim",../../datasets/annotations/schubert-winterreise/Schubert_D911-10_FI80.jams
schubert-winterreise_1,Täuschung,"Thomas Allen, Roger Vignoles",../../datasets/annotations/schubert-winterreise/Schubert_D911-19_AL98.jams
schubert-winterreise_2,Täuschung,"Dietrich Fischer-Dieskau, Jorg Demus",../../datasets/annotations/schubert-winterreise/Schubert_D911-19_FI66.jams
schubert-winterreise_3,Die Post,"Randall Scarlata, Jeremy Denk",../../datasets/annotations/schubert-winterreise/Schubert_D911-13_SC06.jams
schubert-winterreise_4,Auf dem Flusse,"Randall Scarlata, Jeremy Denk",../../datasets/annotations/schubert-winterreise/Schubert_D911-07_SC06.jams
schubert-winterreise_5,Erstarrung,"Dietrich Fischer-Dieskau, Daniel Barenboim",../../datasets/annotations/schubert-winterreise/Schubert_D911-04_FI80.jams
schubert-winterreise_6,Rast,"Dietrich Fischer-Dieskau, Gerald Moore",../../datasets/annotations/schubert-winterreise/Schubert_D911-10_FI55.jams
schubert-winterreise_7,Erstarrung,"Dietrich Fischer-Dieskau, Gerald Moore",../../datasets/annotations/schubert-winterreise/Schubert_D911-04_FI55.jams
schubert-winterreise_8,Der greise Kopf,"Thomas Allen, Roger Vignoles",../../datasets/annotations/schubert-winterreise/Schubert_D911-14_AL98.jams
schubert-winterreise_9,Mut,"Thomas Oliemans, Bert van den Brink",../../datasets/annotations/schubert-winterreise/Schubert_D911-22_OL06.jams
schubert-winterreise_10,Die Post,"Roman Trekel, Ulrich Eisenlohr",../../datasets/annotations/schubert-winterreise/Schubert_D911-13_TR99.jams
schubert-winterreise_11,Auf dem Flusse,"Thomas Quasthoff, Charles Spencer",../../datasets/annotations/schubert-winterreise/Schubert_D911-07_QU98.jams
schubert-winterreise_12,Der greise Kopf,"Dietrich Fischer-Dieskau, Jorg Demus",../../datasets/annotations/schubert-winterreise/Schubert_D911-14_FI66.jams
schubert-winterreise_13,Die Post,"Thomas Quasthoff, Charles Spencer",../../datasets/annotations/schubert-winterreise/Schubert_D911-13_QU98.jams
schubert-winterreise_14,Auf dem Flusse,"Roman Trekel, Ulrich Eisenlohr",../../datasets/annotations/schubert-winterreise/Schubert_D911-07_TR99.jams
schubert-winterreise_15,Irrlicht,"Dietrich Fischer-Dieskau, Daniel Barenboim",../../datasets/annotations/schubert-winterreise/Schubert_D911-09_FI80.jams
schubert-winterreise_16,Das Wirtshaus,"Dietrich Fischer-Dieskau, Jorg Demus",../../datasets/annotations/schubert-winterreise/Schubert_D911-21_FI66.jams
schubert-winterreise_17,Im Dorfe,"Thomas Oliemans, Bert van den Brink",../../datasets/annotations/schubert-winterreise/Schubert_D911-17_OL06.jams
schubert-winterreise_18,Das Wirtshaus,"Thomas Allen, Roger Vignoles",../../datasets/annotations/schubert-winterreise/Schubert_D911-21_AL98.jams
schubert-winterreise_19,Wasserflut,"Gerhard Hu_sch, Hanns-Udo Muller",../../datasets/annotations/schubert-winterreise/Schubert_D911-06_HU33.jams
schubert-winterreise_20,Einsamkeit,"Gerhard Hu_sch, Hanns-Udo Muller",../../datasets/annotations/schubert-winterreise/Schubert_D911-12_HU33.jams
schubert-winterreise_21,Gefror'ne Tränen,"Thomas Oliemans, Bert van den Brink",../../datasets/annotations/schubert-winterreise/Schubert_D911-03_OL06.jams
schubert-winterreise_22,Irrlicht,"Dietrich Fischer-Dieskau, Gerald Moore",../../datasets/annotations/schubert-winterreise/Schubert_D911-09_FI55.jams
schubert-winterreise_23,Die Nebensonnen,"Dietrich Fischer-Dieskau, Daniel Barenboim",../../datasets/annotations/schubert-winterreise/Schubert_D911-23_FI80.jams
schubert-winterreise_24,Letzte Hoffnung,"Dietrich Fischer-Dieskau, Gerald Moore",../../datasets/annotations/schubert-winterreise/Schubert_D911-16_FI55.jams
schubert-winterreise_25,Der Wegweiser,"Randall Scarlata, Jeremy Denk",../../datasets/annotations/schubert-winterreise/Schubert_D911-20_SC06.jams
schubert-winterreise_26,Rückblick,"Thomas Oliemans, Bert van den Brink",../../datasets/annotations/schubert-winterreise/Schubert_D911-08_OL06.jams
schubert-winterreise_27,Die Wetterfahne,"Dietrich Fischer-Dieskau, Gerald Moore",../../datasets/annotations/schubert-winterreise/Schubert_D911-02_FI55.jams
schubert-winterreise_28,Täuschung,"Gerhard Hu_sch, Hanns-Udo Muller",../../datasets/annotations/schubert-winterreise/Schubert_D911-19_HU33.jams
schubert-winterreise_29,Die Krähe,"Randall Scarlata, Jeremy Denk",../../datasets/annotations/schubert-winterreise/Schubert_D911-15_SC06.jams
schubert-winterreise_30,Der stürmische Morgen,"Roman Trekel, Ulrich Eisenlohr",../../datasets/annotations/schubert-winterreise/Schubert_D911-18_TR99.jams
schubert-winterreise_31,Die Nebensonnen,"Dietrich Fischer-Dieskau, Gerald Moore",../../datasets/annotations/schubert-winterreise/Schubert_D911-23_FI55.jams
schubert-winterreise_32,Letzte Hoffnung,"Dietrich Fischer-Dieskau, Daniel Barenboim",../../datasets/annotations/schubert-winterreise/Schubert_D911-16_FI80.jams
schubert-winterreise_33,Die Wetterfahne,"Dietrich Fischer-Dieskau, Daniel Barenboim",../../datasets/annotations/schubert-winterreise/Schubert_D911-02_FI80.jams
schubert-winterreise_34,Gute Nacht,"Randall Scarlata, Jeremy Denk",../../datasets/annotations/schubert-winterreise/Schubert_D911-01_SC06.jams
schubert-winterreise_35,Der stürmische Morgen,"Thomas Quasthoff, Charles Spencer",../../datasets/annotations/schubert-winterreise/Schubert_D911-18_QU98.jams
schubert-winterreise_36,Frühlingstraum,"Thomas Oliemans, Bert van den Brink",../../datasets/annotations/schubert-winterreise/Schubert_D911-11_OL06.jams
schubert-winterreise_37,Der Wegweiser,"Roman Trekel, Ulrich Eisenlohr",../../datasets/annotations/schubert-winterreise/Schubert_D911-20_TR99.jams
schubert-winterreise_38,Der Wegweiser,"Thomas Quasthoff, Charles Spencer",../../datasets/annotations/schubert-winterreise/Schubert_D911-20_QU98.jams
schubert-winterreise_39,Der greise Kopf,"Gerhard Hu_sch, Hanns-Udo Muller",../../datasets/annotations/schubert-winterreise/Schubert_D911-14_HU33.jams
schubert-winterreise_40,Der Lindenbaum,"Thomas Oliemans, Bert van den Brink",../../datasets/annotations/schubert-winterreise/Schubert_D911-05_OL06.jams
schubert-winterreise_41,Die Krähe,"Roman Trekel, Ulrich Eisenlohr",../../datasets/annotations/schubert-winterreise/Schubert_D911-15_TR99.jams
schubert-winterreise_42,Der stürmische Morgen,"Randall Scarlata, Jeremy Denk",../../datasets/annotations/schubert-winterreise/Schubert_D911-18_SC06.jams
schubert-winterreise_43,Einsamkeit,"Dietrich Fischer-Dieskau, Jorg Demus",../../datasets/annotations/schubert-winterreise/Schubert_D911-12_FI66.jams
schubert-winterreise_44,Gute Nacht,"Thomas Quasthoff, Charles Spencer",../../datasets/annotations/schubert-winterreise/Schubert_D911-01_QU98.jams
schubert-winterreise_45,Einsamkeit,"Thomas Allen, Roger Vignoles",../../datasets/annotations/schubert-winterreise/Schubert_D911-12_AL98.jams
schubert-winterreise_46,Der Leiermann,"Thomas Oliemans, Bert van den Brink",../../datasets/annotations/schubert-winterreise/Schubert_D911-24_OL06.jams
schubert-winterreise_47,Wasserflut,"Thomas Allen, Roger Vignoles",../../datasets/annotations/schubert-winterreise/Schubert_D911-06_AL98.jams
schubert-winterreise_48,Das Wirtshaus,"Gerhard Hu_sch, Hanns-Udo Muller",../../datasets/annotations/schubert-winterreise/Schubert_D911-21_HU33.jams
schubert-winterreise_49,Die Krähe,"Thomas Quasthoff, Charles Spencer",../../datasets/annotations/schubert-winterreise/Schubert_D911-15_QU98.jams
schubert-winterreise_50,Wasserflut,"Dietrich Fischer-Dieskau, Jorg Demus",../../datasets/annotations/schubert-winterreise/Schubert_D911-06_FI66.jams
schubert-winterreise_51,Gute Nacht,"Roman Trekel, Ulrich Eisenlohr",../../datasets/annotations/schubert-winterreise/Schubert_D911-01_TR99.jams
schubert-winterreise_52,Wasserflut,"Randall Scarlata, Jeremy Denk",../../datasets/annotations/schubert-winterreise/Schubert_D911-06_SC06.jams
schubert-winterreise_53,Der Lindenbaum,"Dietrich Fischer-Dieskau, Daniel Barenboim",../../datasets/annotations/schubert-winterreise/Schubert_D911-05_FI80.jams
schubert-winterreise_54,Der Leiermann,"Dietrich Fischer-Dieskau, Gerald Moore",../../datasets/annotations/schubert-winterreise/Schubert_D911-24_FI55.jams
schubert-winterreise_55,Frühlingstraum,"Dietrich Fischer-Dieskau, Daniel Barenboim",../../datasets/annotations/schubert-winterreise/Schubert_D911-11_FI80.jams
schubert-winterreise_56,Der stürmische Morgen,"Thomas Allen, Roger Vignoles",../../datasets/annotations/schubert-winterreise/Schubert_D911-18_AL98.jams
schubert-winterreise_57,Der stürmische Morgen,"Dietrich Fischer-Dieskau, Jorg Demus",../../datasets/annotations/schubert-winterreise/Schubert_D911-18_FI66.jams
schubert-winterreise_58,Einsamkeit,"Randall Scarlata, Jeremy Denk",../../datasets/annotations/schubert-winterreise/Schubert_D911-12_SC06.jams
schubert-winterreise_59,Der Lindenbaum,"Dietrich Fischer-Dieskau, Gerald Moore",../../datasets/annotations/schubert-winterreise/Schubert_D911-05_FI55.jams
schubert-winterreise_60,Der Leiermann,"Dietrich Fischer-Dieskau, Daniel Barenboim",../../datasets/annotations/schubert-winterreise/Schubert_D911-24_FI80.jams
schubert-winterreise_61,Frühlingstraum,"Dietrich Fischer-Dieskau, Gerald Moore",../../datasets/annotations/schubert-winterreise/Schubert_D911-11_FI55.jams
schubert-winterreise_62,Einsamkeit,"Thomas Quasthoff, Charles Spencer",../../datasets/annotations/schubert-winterreise/Schubert_D911-12_QU98.jams
schubert-winterreise_63,Gute Nacht,"Dietrich Fischer-Dieskau, Jorg Demus",../../datasets/annotations/schubert-winterreise/Schubert_D911-01_FI66.jams
schubert-winterreise_64,Wasserflut,"Roman Trekel, Ulrich Eisenlohr",../../datasets/annotations/schubert-winterreise/Schubert_D911-06_TR99.jams
schubert-winterreise_65,Rückblick,"Dietrich Fischer-Dieskau, Daniel Barenboim",../../datasets/annotations/schubert-winterreise/Schubert_D911-08_FI80.jams
schubert-winterreise_66,Gute Nacht,"Thomas Allen, Roger Vignoles",../../datasets/annotations/schubert-winterreise/Schubert_D911-01_AL98.jams
schubert-winterreise_67,Die Krähe,"Thomas Allen, Roger Vignoles",../../datasets/annotations/schubert-winterreise/Schubert_D911-15_AL98.jams
schubert-winterreise_68,Die Nebensonnen,"Thomas Oliemans, Bert van den Brink",../../datasets/annotations/schubert-winterreise/Schubert_D911-23_OL06.jams
schubert-winterreise_69,Einsamkeit,"Roman Trekel, Ulrich Eisenlohr",../../datasets/annotations/schubert-winterreise/Schubert_D911-12_TR99.jams
schubert-winterreise_70,Die Krähe,"Dietrich Fischer-Dieskau, Jorg Demus",../../datasets/annotations/schubert-winterreise/Schubert_D911-15_FI66.jams
schubert-winterreise_71,Wasserflut,"Thomas Quasthoff, Charles Spencer",../../datasets/annotations/schubert-winterreise/Schubert_D911-06_QU98.jams
schubert-winterreise_72,Die Post,"Gerhard Hu_sch, Hanns-Udo Muller",../../datasets/annotations/schubert-winterreise/Schubert_D911-13_HU33.jams
schubert-winterreise_73,Die Wetterfahne,"Thomas Oliemans, Bert van den Brink",../../datasets/annotations/schubert-winterreise/Schubert_D911-02_OL06.jams
schubert-winterreise_74,Rückblick,"Dietrich Fischer-Dieskau, Gerald Moore",../../datasets/annotations/schubert-winterreise/Schubert_D911-08_FI55.jams
schubert-winterreise_75,Der Wegweiser,"Dietrich Fischer-Dieskau, Jorg Demus",../../datasets/annotations/schubert-winterreise/Schubert_D911-20_FI66.jams
schubert-winterreise_76,Letzte Hoffnung,"Thomas Oliemans, Bert van den Brink",../../datasets/annotations/schubert-winterreise/Schubert_D911-16_OL06.jams
schubert-winterreise_77,Der Wegweiser,"Thomas Allen, Roger Vignoles",../../datasets/annotations/schubert-winterreise/Schubert_D911-20_AL98.jams
schubert-winterreise_78,Auf dem Flusse,"Gerhard Hu_sch, Hanns-Udo Muller",../../datasets/annotations/schubert-winterreise/Schubert_D911-07_HU33.jams
schubert-winterreise_79,Irrlicht,"Thomas Oliemans, Bert van den Brink",../../datasets/annotations/schubert-winterreise/Schubert_D911-09_OL06.jams
schubert-winterreise_80,Gefror'ne Tränen,"Dietrich Fischer-Dieskau, Gerald Moore",../../datasets/annotations/schubert-winterreise/Schubert_D911-03_FI55.jams
schubert-winterreise_81,Der stürmische Morgen,"Gerhard Hu_sch, Hanns-Udo Muller",../../datasets/annotations/schubert-winterreise/Schubert_D911-18_HU33.jams
schubert-winterreise_82,Mut,"Dietrich Fischer-Dieskau, Daniel Barenboim",../../datasets/annotations/schubert-winterreise/Schubert_D911-22_FI80.jams
schubert-winterreise_83,Im Dorfe,"Dietrich Fischer-Dieskau, Gerald Moore",../../datasets/annotations/schubert-winterreise/Schubert_D911-17_FI55.jams
schubert-winterreise_84,Das Wirtshaus,"Randall Scarlata, Jeremy Denk",../../datasets/annotations/schubert-winterreise/Schubert_D911-21_SC06.jams
schubert-winterreise_85,Gefror'ne Tränen,"Dietrich Fischer-Dieskau, Daniel Barenboim",../../datasets/annotations/schubert-winterreise/Schubert_D911-03_FI80.jams
schubert-winterreise_86,Täuschung,"Thomas Quasthoff, Charles Spencer",../../datasets/annotations/schubert-winterreise/Schubert_D911-19_QU98.jams
schubert-winterreise_87,Der greise Kopf,"Randall Scarlata, Jeremy Denk",../../datasets/annotations/schubert-winterreise/Schubert_D911-14_SC06.jams
schubert-winterreise_88,Täuschung,"Roman Trekel, Ulrich Eisenlohr",../../datasets/annotations/schubert-winterreise/Schubert_D911-19_TR99.jams
schubert-winterreise_89,Mut,"Dietrich Fischer-Dieskau, Gerald Moore",../../datasets/annotations/schubert-winterreise/Schubert_D911-22_FI55.jams
schubert-winterreise_90,Im Dorfe,"Dietrich Fischer-Dieskau, Daniel Barenboim",../../datasets/annotations/schubert-winterreise/Schubert_D911-17_FI80.jams
schubert-winterreise_91,Das Wirtshaus,"Thomas Quasthoff, Charles Spencer",../../datasets/annotations/schubert-winterreise/Schubert_D911-21_QU98.jams
schubert-winterreise_92,Die Krähe,"Gerhard Hu_sch, Hanns-Udo Muller",../../datasets/annotations/schubert-winterreise/Schubert_D911-15_HU33.jams
schubert-winterreise_93,Erstarrung,"Thomas Oliemans, Bert van den Brink",../../datasets/annotations/schubert-winterreise/Schubert_D911-04_OL06.jams
schubert-winterreise_94,Rast,"Thomas Oliemans, Bert van den Brink",../../datasets/annotations/schubert-winterreise/Schubert_D911-10_OL06.jams
schubert-winterreise_95,Gute Nacht,"Gerhard Hu_sch, Hanns-Udo Muller",../../datasets/annotations/schubert-winterreise/Schubert_D911-01_HU33.jams
schubert-winterreise_96,Das Wirtshaus,"Roman Trekel, Ulrich Eisenlohr",../../datasets/annotations/schubert-winterreise/Schubert_D911-21_TR99.jams
schubert-winterreise_97,Auf dem Flusse,"Thomas Allen, Roger Vignoles",../../datasets/annotations/schubert-winterreise/Schubert_D911-07_AL98.jams
schubert-winterreise_98,Der Wegweiser,"Gerhard Hu_sch, Hanns-Udo Muller",../../datasets/annotations/schubert-winterreise/Schubert_D911-20_HU33.jams
schubert-winterreise_99,Auf dem Flusse,"Dietrich Fischer-Dieskau, Jorg Demus",../../datasets/annotations/schubert-winterreise/Schubert_D911-07_FI66.jams
schubert-winterreise_100,Der greise Kopf,"Thomas Quasthoff, Charles Spencer",../../datasets/annotations/schubert-winterreise/Schubert_D911-14_QU98.jams
schubert-winterreise_101,Der greise Kopf,"Roman Trekel, Ulrich Eisenlohr",../../datasets/annotations/schubert-winterreise/Schubert_D911-14_TR99.jams
schubert-winterreise_102,Täuschung,"Randall Scarlata, Jeremy Denk",../../datasets/annotations/schubert-winterreise/Schubert_D911-19_SC06.jams
schubert-winterreise_103,Die Post,"Dietrich Fischer-Dieskau, Jorg Demus",../../datasets/annotations/schubert-winterreise/Schubert_D911-13_FI66.jams
schubert-winterreise_104,Die Post,"Thomas Allen, Roger Vignoles",../../datasets/annotations/schubert-winterreise/Schubert_D911-13_AL98.jams
schubert-winterreise_105,Der Leiermann,"Randall Scarlata, Jeremy Denk",../../datasets/annotations/schubert-winterreise/Schubert_D911-24_SC06.jams
schubert-winterreise_106,Einsamkeit,"Dietrich Fischer-Dieskau, Gerald Moore",../../datasets/annotations/schubert-winterreise/Schubert_D911-12_FI55.jams
schubert-winterreise_107,Der stürmische Morgen,"Thomas Oliemans, Bert van den Brink",../../datasets/annotations/schubert-winterreise/Schubert_D911-18_OL06.jams
schubert-winterreise_108,Irrlicht,"Gerhard Hu_sch, Hanns-Udo Muller",../../datasets/annotations/schubert-winterreise/Schubert_D911-09_HU33.jams
schubert-winterreise_109,Wasserflut,"Dietrich Fischer-Dieskau, Gerald Moore",../../datasets/annotations/schubert-winterreise/Schubert_D911-06_FI55.jams
schubert-winterreise_110,Einsamkeit,"Dietrich Fischer-Dieskau, Daniel Barenboim",../../datasets/annotations/schubert-winterreise/Schubert_D911-12_FI80.jams
schubert-winterreise_111,Frühlingstraum,"Randall Scarlata, Jeremy Denk",../../datasets/annotations/schubert-winterreise/Schubert_D911-11_SC06.jams
schubert-winterreise_112,Rückblick,"Thomas Quasthoff, Charles Spencer",../../datasets/annotations/schubert-winterreise/Schubert_D911-08_QU98.jams
schubert-winterreise_113,Rückblick,"Roman Trekel, Ulrich Eisenlohr",../../datasets/annotations/schubert-winterreise/Schubert_D911-08_TR99.jams
schubert-winterreise_114,Der Lindenbaum,"Randall Scarlata, Jeremy Denk",../../datasets/annotations/schubert-winterreise/Schubert_D911-05_SC06.jams
schubert-winterreise_115,Wasserflut,"Dietrich Fischer-Dieskau, Daniel Barenboim",../../datasets/annotations/schubert-winterreise/Schubert_D911-06_FI80.jams
schubert-winterreise_116,Der Leiermann,"Roman Trekel, Ulrich Eisenlohr",../../datasets/annotations/schubert-winterreise/Schubert_D911-24_TR99.jams
schubert-winterreise_117,Die Nebensonnen,"Dietrich Fischer-Dieskau, Jorg Demus",../../datasets/annotations/schubert-winterreise/Schubert_D911-23_FI66.jams
schubert-winterreise_118,Erstarrung,"Gerhard Hu_sch, Hanns-Udo Muller",../../datasets/annotations/schubert-winterreise/Schubert_D911-04_HU33.jams
schubert-winterreise_119,Die Nebensonnen,"Thomas Allen, Roger Vignoles",../../datasets/annotations/schubert-winterreise/Schubert_D911-23_AL98.jams
schubert-winterreise_120,Die Krähe,"Thomas Oliemans, Bert van den Brink",../../datasets/annotations/schubert-winterreise/Schubert_D911-15_OL06.jams
schubert-winterreise_121,Gute Nacht,"Thomas Oliemans, Bert van den Brink",../../datasets/annotations/schubert-winterreise/Schubert_D911-01_OL06.jams
schubert-winterreise_122,Rast,"Gerhard Hu_sch, Hanns-Udo Muller",../../datasets/annotations/schubert-winterreise/Schubert_D911-10_HU33.jams
schubert-winterreise_123,Der Leiermann,"Thomas Quasthoff, Charles Spencer",../../datasets/annotations/schubert-winterreise/Schubert_D911-24_QU98.jams
schubert-winterreise_124,Der Wegweiser,"Thomas Oliemans, Bert van den Brink",../../datasets/annotations/schubert-winterreise/Schubert_D911-20_OL06.jams
schubert-winterreise_125,Letzte Hoffnung,"Thomas Allen, Roger Vignoles",../../datasets/annotations/schubert-winterreise/Schubert_D911-16_AL98.jams
schubert-winterreise_126,Der Lindenbaum,"Thomas Quasthoff, Charles Spencer",../../datasets/annotations/schubert-winterreise/Schubert_D911-05_QU98.jams
schubert-winterreise_127,Letzte Hoffnung,"Dietrich Fischer-Dieskau, Jorg Demus",../../datasets/annotations/schubert-winterreise/Schubert_D911-16_FI66.jams
schubert-winterreise_128,Frühlingstraum,"Roman Trekel, Ulrich Eisenlohr",../../datasets/annotations/schubert-winterreise/Schubert_D911-11_TR99.jams
schubert-winterreise_129,Rückblick,"Randall Scarlata, Jeremy Denk",../../datasets/annotations/schubert-winterreise/Schubert_D911-08_SC06.jams
schubert-winterreise_130,Der Lindenbaum,"Roman Trekel, Ulrich Eisenlohr",../../datasets/annotations/schubert-winterreise/Schubert_D911-05_TR99.jams
schubert-winterreise_131,Die Wetterfahne,"Dietrich Fischer-Dieskau, Jorg Demus",../../datasets/annotations/schubert-winterreise/Schubert_D911-02_FI66.jams
schubert-winterreise_132,Frühlingstraum,"Thomas Quasthoff, Charles Spencer",../../datasets/annotations/schubert-winterreise/Schubert_D911-11_QU98.jams
schubert-winterreise_133,Die Wetterfahne,"Thomas Allen, Roger Vignoles",../../datasets/annotations/schubert-winterreise/Schubert_D911-02_AL98.jams
schubert-winterreise_134,Im Dorfe,"Randall Scarlata, Jeremy Denk",../../datasets/annotations/schubert-winterreise/Schubert_D911-17_SC06.jams
schubert-winterreise_135,Der greise Kopf,"Dietrich Fischer-Dieskau, Daniel Barenboim",../../datasets/annotations/schubert-winterreise/Schubert_D911-14_FI80.jams
schubert-winterreise_136,Das Wirtshaus,"Dietrich Fischer-Dieskau, Gerald Moore",../../datasets/annotations/schubert-winterreise/Schubert_D911-21_FI55.jams
schubert-winterreise_137,Irrlicht,"Thomas Allen, Roger Vignoles",../../datasets/annotations/schubert-winterreise/Schubert_D911-09_AL98.jams
schubert-winterreise_138,Irrlicht,"Dietrich Fischer-Dieskau, Jorg Demus",../../datasets/annotations/schubert-winterreise/Schubert_D911-09_FI66.jams
schubert-winterreise_139,Gefror'ne Tränen,"Randall Scarlata, Jeremy Denk",../../datasets/annotations/schubert-winterreise/Schubert_D911-03_SC06.jams
schubert-winterreise_140,Der greise Kopf,"Dietrich Fischer-Dieskau, Gerald Moore",../../datasets/annotations/schubert-winterreise/Schubert_D911-14_FI55.jams
schubert-winterreise_141,Das Wirtshaus,"Dietrich Fischer-Dieskau, Daniel Barenboim",../../datasets/annotations/schubert-winterreise/Schubert_D911-21_FI80.jams
schubert-winterreise_142,Mut,"Randall Scarlata, Jeremy Denk",../../datasets/annotations/schubert-winterreise/Schubert_D911-22_SC06.jams
schubert-winterreise_143,Rast,"Dietrich Fischer-Dieskau, Jorg Demus",../../datasets/annotations/schubert-winterreise/Schubert_D911-10_FI66.jams
schubert-winterreise_144,Gefror'ne Tränen,"Thomas Quasthoff, Charles Spencer",../../datasets/annotations/schubert-winterreise/Schubert_D911-03_QU98.jams
schubert-winterreise_145,Im Dorfe,"Roman Trekel, Ulrich Eisenlohr",../../datasets/annotations/schubert-winterreise/Schubert_D911-17_TR99.jams
schubert-winterreise_146,Rast,"Thomas Allen, Roger Vignoles",../../datasets/annotations/schubert-winterreise/Schubert_D911-10_AL98.jams
schubert-winterreise_147,Täuschung,"Dietrich Fischer-Dieskau, Daniel Barenboim",../../datasets/annotations/schubert-winterreise/Schubert_D911-19_FI80.jams
schubert-winterreise_148,Die Nebensonnen,"Gerhard Hu_sch, Hanns-Udo Muller",../../datasets/annotations/schubert-winterreise/Schubert_D911-23_HU33.jams
schubert-winterreise_149,Erstarrung,"Thomas Allen, Roger Vignoles",../../datasets/annotations/schubert-winterreise/Schubert_D911-04_AL98.jams
schubert-winterreise_150,Gefror'ne Tränen,"Roman Trekel, Ulrich Eisenlohr",../../datasets/annotations/schubert-winterreise/Schubert_D911-03_TR99.jams
schubert-winterreise_151,Im Dorfe,"Thomas Quasthoff, Charles Spencer",../../datasets/annotations/schubert-winterreise/Schubert_D911-17_QU98.jams
schubert-winterreise_152,Erstarrung,"Dietrich Fischer-Dieskau, Jorg Demus",../../datasets/annotations/schubert-winterreise/Schubert_D911-04_FI66.jams
schubert-winterreise_153,Die Wetterfahne,"Gerhard Hu_sch, Hanns-Udo Muller",../../datasets/annotations/schubert-winterreise/Schubert_D911-02_HU33.jams
schubert-winterreise_154,Täuschung,"Dietrich Fischer-Dieskau, Gerald Moore",../../datasets/annotations/schubert-winterreise/Schubert_D911-19_FI55.jams
schubert-winterreise_155,Die Post,"Thomas Oliemans, Bert van den Brink",../../datasets/annotations/schubert-winterreise/Schubert_D911-13_OL06.jams
schubert-winterreise_156,Mut,"Roman Trekel, Ulrich Eisenlohr",../../datasets/annotations/schubert-winterreise/Schubert_D911-22_TR99.jams
schubert-winterreise_157,Mut,"Thomas Quasthoff, Charles Spencer",../../datasets/annotations/schubert-winterreise/Schubert_D911-22_QU98.jams
schubert-winterreise_158,Auf dem Flusse,"Thomas Oliemans, Bert van den Brink",../../datasets/annotations/schubert-winterreise/Schubert_D911-07_OL06.jams
schubert-winterreise_159,Letzte Hoffnung,"Gerhard Hu_sch, Hanns-Udo Muller",../../datasets/annotations/schubert-winterreise/Schubert_D911-16_HU33.jams
schubert-winterreise_160,Auf dem Flusse,"Dietrich Fischer-Dieskau, Gerald Moore",../../datasets/annotations/schubert-winterreise/Schubert_D911-07_FI55.jams
schubert-winterreise_161,Die Post,"Dietrich Fischer-Dieskau, Gerald Moore",../../datasets/annotations/schubert-winterreise/Schubert_D911-13_FI55.jams
schubert-winterreise_162,Täuschung,"Thomas Oliemans, Bert van den Brink",../../datasets/annotations/schubert-winterreise/Schubert_D911-19_OL06.jams
schubert-winterreise_163,Rückblick,"Gerhard Hu_sch, Hanns-Udo Muller",../../datasets/annotations/schubert-winterreise/Schubert_D911-08_HU33.jams
schubert-winterreise_164,Irrlicht,"Roman Trekel, Ulrich Eisenlohr",../../datasets/annotations/schubert-winterreise/Schubert_D911-09_TR99.jams
schubert-winterreise_165,Erstarrung,"Randall Scarlata, Jeremy Denk",../../datasets/annotations/schubert-winterreise/Schubert_D911-04_SC06.jams
schubert-winterreise_166,Auf dem Flusse,"Dietrich Fischer-Dieskau, Daniel Barenboim",../../datasets/annotations/schubert-winterreise/Schubert_D911-07_FI80.jams
schubert-winterreise_167,Die Post,"Dietrich Fischer-Dieskau, Daniel Barenboim",../../datasets/annotations/schubert-winterreise/Schubert_D911-13_FI80.jams
schubert-winterreise_168,Rast,"Randall Scarlata, Jeremy Denk",../../datasets/annotations/schubert-winterreise/Schubert_D911-10_SC06.jams
schubert-winterreise_169,Irrlicht,"Thomas Quasthoff, Charles Spencer",../../datasets/annotations/schubert-winterreise/Schubert_D911-09_QU98.jams
schubert-winterreise_170,Frühlingstraum,"Gerhard Hu_sch, Hanns-Udo Muller",../../datasets/annotations/schubert-winterreise/Schubert_D911-11_HU33.jams
schubert-winterreise_171,Mut,"Dietrich Fischer-Dieskau, Jorg Demus",../../datasets/annotations/schubert-winterreise/Schubert_D911-22_FI66.jams
schubert-winterreise_172,Der Lindenbaum,"Gerhard Hu_sch, Hanns-Udo Muller",../../datasets/annotations/schubert-winterreise/Schubert_D911-05_HU33.jams
schubert-winterreise_173,Mut,"Thomas Allen, Roger Vignoles",../../datasets/annotations/schubert-winterreise/Schubert_D911-22_AL98.jams
schubert-winterreise_174,Der greise Kopf,"Thomas Oliemans, Bert van den Brink",../../datasets/annotations/schubert-winterreise/Schubert_D911-14_OL06.jams
schubert-winterreise_175,Irrlicht,"Randall Scarlata, Jeremy Denk",../../datasets/annotations/schubert-winterreise/Schubert_D911-09_SC06.jams
schubert-winterreise_176,Erstarrung,"Roman Trekel, Ulrich Eisenlohr",../../datasets/annotations/schubert-winterreise/Schubert_D911-04_TR99.jams
schubert-winterreise_177,Rast,"Thomas Quasthoff, Charles Spencer",../../datasets/annotations/schubert-winterreise/Schubert_D911-10_QU98.jams
schubert-winterreise_178,Gefror'ne Tränen,"Dietrich Fischer-Dieskau, Jorg Demus",../../datasets/annotations/schubert-winterreise/Schubert_D911-03_FI66.jams
schubert-winterreise_179,Gefror'ne Tränen,"Thomas Allen, Roger Vignoles",../../datasets/annotations/schubert-winterreise/Schubert_D911-03_AL98.jams
schubert-winterreise_180,Der Leiermann,"Gerhard Hu_sch, Hanns-Udo Muller",../../datasets/annotations/schubert-winterreise/Schubert_D911-24_HU33.jams
schubert-winterreise_181,Das Wirtshaus,"Thomas Oliemans, Bert van den Brink",../../datasets/annotations/schubert-winterreise/Schubert_D911-21_OL06.jams
schubert-winterreise_182,Im Dorfe,"Thomas Allen, Roger Vignoles",../../datasets/annotations/schubert-winterreise/Schubert_D911-17_AL98.jams
schubert-winterreise_183,Im Dorfe,"Dietrich Fischer-Dieskau, Jorg Demus",../../datasets/annotations/schubert-winterreise/Schubert_D911-17_FI66.jams
schubert-winterreise_184,Erstarrung,"Thomas Quasthoff, Charles Spencer",../../datasets/annotations/schubert-winterreise/Schubert_D911-04_QU98.jams
schubert-winterreise_185,Rast,"Roman Trekel, Ulrich Eisenlohr",../../datasets/annotations/schubert-winterreise/Schubert_D911-10_TR99.jams
schubert-winterreise_186,Rückblick,"Thomas Allen, Roger Vignoles",../../datasets/annotations/schubert-winterreise/Schubert_D911-08_AL98.jams
schubert-winterreise_187,Gute Nacht,"Dietrich Fischer-Dieskau, Daniel Barenboim",../../datasets/annotations/schubert-winterreise/Schubert_D911-01_FI80.jams
schubert-winterreise_188,Rückblick,"Dietrich Fischer-Dieskau, Jorg Demus",../../datasets/annotations/schubert-winterreise/Schubert_D911-08_FI66.jams
schubert-winterreise_189,Die Wetterfahne,"Randall Scarlata, Jeremy Denk",../../datasets/annotations/schubert-winterreise/Schubert_D911-02_SC06.jams
schubert-winterreise_190,Letzte Hoffnung,"Randall Scarlata, Jeremy Denk",../../datasets/annotations/schubert-winterreise/Schubert_D911-16_SC06.jams
schubert-winterreise_191,Die Krähe,"Dietrich Fischer-Dieskau, Daniel Barenboim",../../datasets/annotations/schubert-winterreise/Schubert_D911-15_FI80.jams
schubert-winterreise_192,Der Wegweiser,"Dietrich Fischer-Dieskau, Gerald Moore",../../datasets/annotations/schubert-winterreise/Schubert_D911-20_FI55.jams
schubert-winterreise_193,Gute Nacht,"Dietrich Fischer-Dieskau, Gerald Moore",../../datasets/annotations/schubert-winterreise/Schubert_D911-01_FI55.jams
schubert-winterreise_194,Die Krähe,"Dietrich Fischer-Dieskau, Gerald Moore",../../datasets/annotations/schubert-winterreise/Schubert_D911-15_FI55.jams
schubert-winterreise_195,Der Wegweiser,"Dietrich Fischer-Dieskau, Daniel Barenboim",../../datasets/annotations/schubert-winterreise/Schubert_D911-20_FI80.jams
schubert-winterreise_196,Die Nebensonnen,"Randall Scarlata, Jeremy Denk",../../datasets/annotations/schubert-winterreise/Schubert_D911-23_SC06.jams
schubert-winterreise_197,Mut,"Gerhard Hu_sch, Hanns-Udo Muller",../../datasets/annotations/schubert-winterreise/Schubert_D911-22_HU33.jams
schubert-winterreise_198,Der Lindenbaum,"Thomas Allen, Roger Vignoles",../../datasets/annotations/schubert-winterreise/Schubert_D911-05_AL98.jams
schubert-winterreise_199,Die Wetterfahne,"Roman Trekel, Ulrich Eisenlohr",../../datasets/annotations/schubert-winterreise/Schubert_D911-02_TR99.jams
schubert-winterreise_200,Der Lindenbaum,"Dietrich Fischer-Dieskau, Jorg Demus",../../datasets/annotations/schubert-winterreise/Schubert_D911-05_FI66.jams
schubert-winterreise_201,Letzte Hoffnung,"Thomas Quasthoff, Charles Spencer",../../datasets/annotations/schubert-winterreise/Schubert_D911-16_QU98.jams
schubert-winterreise_202,Die Wetterfahne,"Thomas Quasthoff, Charles Spencer",../../datasets/annotations/schubert-winterreise/Schubert_D911-02_QU98.jams
schubert-winterreise_203,Frühlingstraum,"Dietrich Fischer-Dieskau, Jorg Demus",../../datasets/annotations/schubert-winterreise/Schubert_D911-11_FI66.jams
schubert-winterreise_204,Letzte Hoffnung,"Roman Trekel, Ulrich Eisenlohr",../../datasets/annotations/schubert-winterreise/Schubert_D911-16_TR99.jams
schubert-winterreise_205,Frühlingstraum,"Thomas Allen, Roger Vignoles",../../datasets/annotations/schubert-winterreise/Schubert_D911-11_AL98.jams
schubert-winterreise_206,Der stürmische Morgen,"Dietrich Fischer-Dieskau, Daniel Barenboim",../../datasets/annotations/schubert-winterreise/Schubert_D911-18_FI80.jams
schubert-winterreise_207,Die Nebensonnen,"Thomas Quasthoff, Charles Spencer",../../datasets/annotations/schubert-winterreise/Schubert_D911-23_QU98.jams
schubert-winterreise_208,Wasserflut,"Thomas Oliemans, Bert van den Brink",../../datasets/annotations/schubert-winterreise/Schubert_D911-06_OL06.jams
schubert-winterreise_209,Im Dorfe,"Gerhard Hu_sch, Hanns-Udo Muller",../../datasets/annotations/schubert-winterreise/Schubert_D911-17_HU33.jams
schubert-winterreise_210,Der Leiermann,"Thomas Allen, Roger Vignoles",../../datasets/annotations/schubert-winterreise/Schubert_D911-24_AL98.jams
schubert-winterreise_211,Gefror'ne Tränen,"Gerhard Hu_sch, Hanns-Udo Muller",../../datasets/annotations/schubert-winterreise/Schubert_D911-03_HU33.jams
schubert-winterreise_212,Der stürmische Morgen,"Dietrich Fischer-Dieskau, Gerald Moore",../../datasets/annotations/schubert-winterreise/Schubert_D911-18_FI55.jams
schubert-winterreise_213,Einsamkeit,"Thomas Oliemans, Bert van den Brink",../../datasets/annotations/schubert-winterreise/Schubert_D911-12_OL06.jams
schubert-winterreise_214,Die Nebensonnen,"Roman Trekel, Ulrich Eisenlohr",../../datasets/annotations/schubert-winterreise/Schubert_D911-23_TR99.jams
schubert-winterreise_215,Der Leiermann,"Dietrich Fischer-Dieskau, Jorg Demus",../../datasets/annotations/schubert-winterreise/Schubert_D911-24_FI66.jams
